[
    {
        "id": 1,
        "name": "Устрицы по рокфеллеровски",
        "description": "Значимость этих проблем настолько очевидна, что укрепление и развитие структуры",
        "price": "2 700",
        "image": "product_1.svg"
    },
    {
        "id": 2,
        "name": "Свиные ребрышки на гриле с зеленью",
        "description": "Не следует, однако забывать, что реализация намеченных плановых",
        "price": "1 600",
        "image": "product_2.svg"
    }
    ,
    {
        "id": 3,
        "name": "Креветки по-королевски в лимонном соке",
        "description": "Значимость этих проблем настолько очевидна, что укрепление и развитие структуры обеспечивает широкому кругу",
        "price": "1 820",
        "image": "product_3.svg"
    }
    ,
    {
        "id": 4,
        "name": "Устрицы по рокфеллеровски",
        "description": "Значимость этих проблем настолько очевидна, что укрепление и развитие структуры ",
        "price": "2 700",
        "image": "product_1.svg"
    },
    {
        "id": 5,
        "name": "Устрицы по рокфеллеровски",
        "description": "Значимость этих проблем настолько очевидна, что укрепление и развитие структуры",
        "price": "2 700",
        "image": "product_1.svg"
    },
    {
        "id": 6,
        "name": "Свиные ребрышки на гриле с зеленью",
        "description": "Не следует, однако забывать, что реализация намеченных плановых",
        "price": "1 600",
        "image": "product_2.svg"
    }
    ,
    {
        "id": 7,
        "name": "Креветки по-королевски в лимонном соке",
        "description": "Значимость этих проблем настолько очевидна, что укрепление и развитие структуры обеспечивает широкому кругу",
        "price": "1 820",
        "image": "product_3.svg"
    }
    ,
    {
        "id": 8,
        "name": "Устрицы по рокфеллеровски",
        "description": "Значимость этих проблем настолько очевидна, что укрепление и развитие структуры ",
        "price": "2 700",
        "image": "product_1.svg"
    }
]